username,extra,agree,cons,neuro,open
007solotraveler,0.5636,0.58108,0.55666,0.45881,0.63272
0BKI0,0.5622,0.57943,0.55189,0.46188,0.64006
10179k79,0.5688,0.58187,0.56099,0.45011,0.66435
124_10,0.57221,0.59019,0.57005,0.4486,0.66003
12ReasonsWhy,0.5651,0.58271,0.55429,0.45919,0.65036
14beacon,0.56965,0.59001,0.56584,0.45454,0.64359
150NightsPerYear,0.56812,0.5868,0.56101,0.45754,0.64723
1771,0.56833,0.58737,0.56661,0.4563,0.6425
186402Sarah1984,0.56643,0.58308,0.55803,0.45631,0.64739
1969ws,0.56748,0.58927,0.56099,0.45958,0.63786
1975mark,0.56126,0.57491,0.55168,0.46268,0.64677
19822011,0.56874,0.58583,0.56369,0.45308,0.64988
1984travel,0.56972,0.58719,0.5623,0.4505,0.65541
19Cam,0.56619,0.58622,0.55524,0.46087,0.64198
19katy80,0.5665,0.58612,0.55656,0.45836,0.6448
1Angie,0.56658,0.58755,0.55672,0.45987,0.64168
1KathrynK,0.57021,0.5865,0.5682,0.44882,0.65033
1ManhattanBeach,0.51717,0.5334,0.461,0.53638,0.53302
1NicePerson,0.56939,0.58548,0.56117,0.45193,0.6547
1VAnurse,0.56915,0.59073,0.56638,0.456,0.64105
1Vegas2008,0.56574,0.58108,0.55777,0.45854,0.64974
1happygolucky,0.56775,0.58965,0.55972,0.46192,0.64429
1oldseagull,0.56671,0.58414,0.56435,0.45906,0.64249
2000AtlanticGT,0.56297,0.5787,0.55186,0.46457,0.6448
2008travellover,0.56583,0.57877,0.55619,0.45764,0.64894
2011ChgoWanderer,0.56484,0.58153,0.55596,0.4596,0.64974
2093,0.56747,0.58341,0.56162,0.45337,0.65093
209967Jenny,0.5673,0.58478,0.55863,0.45333,0.64941
2156Michael,0.56655,0.5826,0.55904,0.45612,0.65127
23betty,0.56423,0.58042,0.55366,0.46032,0.64511
23stationroad,0.56427,0.57839,0.55728,0.45925,0.64325
243345,0.56345,0.58168,0.55325,0.46433,0.63795
25YearsAbroad,0.56779,0.58732,0.55571,0.45641,0.64548
29grapes,0.56698,0.58058,0.56176,0.4547,0.65625
2CachePirates,0.56418,0.58173,0.55426,0.46176,0.6435
2FoodJunkies,0.56732,0.58459,0.55885,0.45567,0.64984
2Travelers2go,0.56835,0.58685,0.55995,0.45411,0.6484
2jbsdad,0.57173,0.58971,0.57247,0.44559,0.65298
2tampuh2,0.56637,0.5853,0.55691,0.45982,0.64847
2teeth,0.56778,0.59039,0.5707,0.45813,0.63742
2toots,0.56923,0.59024,0.56533,0.45483,0.64606
30Brooklyn50,0.56761,0.58714,0.55968,0.45541,0.64173
312Seaton,0.56478,0.58203,0.55622,0.46125,0.64448
32369Terry,0.56812,0.58701,0.56354,0.45541,0.64267
3kidsmama,0.5683,0.58842,0.55914,0.45753,0.65109
3love2travel3,0.57109,0.59143,0.56681,0.45087,0.64949
4038,0.56784,0.59075,0.56082,0.46306,0.63634
422,0.56611,0.58561,0.55374,0.46018,0.64272
45Jen,0.55988,0.56836,0.54881,0.46402,0.6523
4959keeton,0.56733,0.58472,0.5563,0.45768,0.64597
4alive,0.56359,0.57713,0.55221,0.45949,0.65078
4bigdogsCalgary,0.5665,0.58313,0.55967,0.4575,0.64484
5264,0.5646,0.57697,0.55801,0.45721,0.64534
5474C,0.56772,0.58266,0.56013,0.45392,0.65765
54Penny,0.55869,0.57091,0.54347,0.46821,0.63733
5Tim5,0.56483,0.58023,0.55743,0.45895,0.64354
5herry,0.5613,0.57947,0.55165,0.46674,0.62981
5hreek,0.56817,0.58558,0.56438,0.4528,0.65118
5x24,0.56502,0.5809,0.55442,0.45845,0.6472
604tinkoo,0.56599,0.58262,0.5583,0.46224,0.64101
6079max,0.56473,0.57977,0.55715,0.45966,0.64525
678855,0.56596,0.58653,0.55731,0.46215,0.63959
6dogs,0.56734,0.58758,0.56314,0.4587,0.64396
74gremlin,0.56708,0.58356,0.56427,0.45315,0.6496
77pearl,0.56866,0.58662,0.56339,0.45479,0.6471
7ContinentsX,0.56697,0.58412,0.55988,0.45388,0.64954
801Milles,0.56788,0.58936,0.56142,0.45811,0.64321
808Couple,0.56392,0.58383,0.56074,0.46353,0.64074
9jajet,0.56873,0.58874,0.5589,0.45649,0.6478
A.Brouwer,0.57115,0.591,0.56779,0.45181,0.64814
A2Mich_Traveler,0.56931,0.58229,0.56615,0.45056,0.66015
AA7482,0.5666,0.58684,0.55741,0.4594,0.64459
AA75,0.56499,0.5845,0.55404,0.46324,0.64137
AACC777,0.5678,0.58466,0.5606,0.45334,0.64945
AAM17,0.56344,0.58257,0.55342,0.46508,0.64087
AANetherlands,0.56957,0.59136,0.56992,0.45248,0.64478
ABCDEFG_1234,0.56475,0.58378,0.55367,0.46256,0.63972
ABitSpoiled,0.5697,0.58796,0.56756,0.45294,0.64913
ABrotmann,0.56543,0.58466,0.55588,0.46317,0.64415
AD09,0.57168,0.59066,0.56596,0.4498,0.65088
AFMom06,0.56781,0.58919,0.56279,0.46101,0.63427
AFamilyYorkshire,0.56667,0.58741,0.55713,0.46027,0.64523
AGRTraveler,0.56959,0.58586,0.56734,0.44982,0.65441
AGirlInVermont,0.56813,0.58443,0.5633,0.45253,0.64791
AHM,0.56805,0.58453,0.56103,0.45596,0.64588
AJ002,0.56153,0.58038,0.55114,0.46624,0.63392
AJBoston5996,0.56726,0.58471,0.5589,0.45605,0.64642
AJC22,0.56842,0.58681,0.56073,0.45421,0.65216
AJJean,0.56847,0.58661,0.56342,0.45573,0.64748
AJW123,0.56096,0.57154,0.55009,0.46362,0.64689
AJtripper,0.56605,0.58007,0.56079,0.45546,0.64697
ALLIGATOR9,0.56702,0.58449,0.55996,0.45824,0.6461
ALP86,0.56327,0.5836,0.55204,0.46622,0.63286
ALadyDragon,0.56106,0.58272,0.54971,0.47261,0.6302
ALiEN2108,0.56383,0.58325,0.55508,0.46626,0.63493
AM__26__AP,0.56565,0.59089,0.55518,0.46623,0.63349
ANCY65441,0.56216,0.57587,0.55146,0.46302,0.6518
APBPennsylvania,0.567,0.58802,0.55662,0.46422,0.63936
AQMRN,0.56731,0.58388,0.5568,0.45799,0.64935
ARKJ14,0.56507,0.57718,0.55512,0.45578,0.6551
ARugby,0.56667,0.58065,0.55825,0.45425,0.65383
ASK_THE_LEYLANDS,0.57094,0.58953,0.56359,0.4583,0.64809
ASN1972,0.56631,0.58739,0.55849,0.46212,0.64001
ASWh,0.56591,0.58237,0.55595,0.45738,0.64842
ATCMC,0.56818,0.58269,0.56372,0.45197,0.65649
ATJLancsUK,0.56705,0.58334,0.55884,0.45745,0.64856
ATP1,0.56854,0.58609,0.5633,0.45282,0.64654
AURACE,0.56896,0.58692,0.56564,0.45425,0.6438
AUandUKcitizen,0.56353,0.5802,0.55423,0.46259,0.64431
AVSENT,0.56906,0.58902,0.56202,0.45651,0.64672
AV_Surrey,0.56017,0.57642,0.54729,0.46879,0.63575
AZSoonerOrLater,0.5694,0.59087,0.56652,0.45702,0.64287
AZStaish,0.56771,0.58919,0.55942,0.4592,0.63912
A_Florida_Traveler,0.56511,0.58082,0.55913,0.46024,0.64417
AashishSharma,0.56861,0.58781,0.56016,0.4541,0.64855
Abc123XYZ3,0.56752,0.58202,0.55915,0.45375,0.65606
AbhishekBagri,0.56622,0.58175,0.55897,0.45625,0.64952
Abigailadamsn00,0.57058,0.58509,0.56379,0.44823,0.65971
Acatchyscreenname,0.56614,0.58546,0.55807,0.45988,0.64158
AceTexas,0.56202,0.57548,0.55252,0.46446,0.64398
AcerLeeds,0.56807,0.58652,0.56178,0.45309,0.64965
Activetravell3r,0.57084,0.5893,0.56381,0.44935,0.65856
AcuV,0.56947,0.59045,0.56016,0.45322,0.64998
Ad_Guy_Ed,0.56677,0.58961,0.55562,0.46384,0.63709
Adam20191,0.56907,0.58167,0.5611,0.44932,0.66074
AdamVancouver_BC,0.57281,0.59537,0.5722,0.44948,0.64346
AdarshP,0.56275,0.57962,0.56934,0.46369,0.64081
AdelaideNev,0.56589,0.58906,0.55817,0.46673,0.63381
AdiPanait,0.56077,0.572,0.55356,0.45938,0.64891
AdityaNewDelhi,0.56452,0.58238,0.55541,0.46136,0.64301
AdrianandLoretta,0.56361,0.5815,0.55777,0.4619,0.64055
Adventure2009,0.56736,0.5847,0.56177,0.45451,0.64519
Advisor1803,0.56527,0.58022,0.55926,0.45862,0.64688
Aelwyn,0.56591,0.5802,0.56011,0.45513,0.64809
AffairsinMiami,0.56665,0.58519,0.55835,0.45753,0.64254
AfricanHeather,0.56518,0.58535,0.55753,0.46192,0.63992
Agent9,0.5668,0.58454,0.55672,0.45804,0.64705
AggieAbroad,0.57346,0.59136,0.57191,0.44544,0.65381
AhNOUR,0.56354,0.58375,0.55361,0.46596,0.6386
AhmetD,0.56933,0.59192,0.56469,0.45886,0.64554
Aidasas,0.56736,0.58575,0.5596,0.45859,0.64515
Ainom,0.56483,0.58502,0.55702,0.46123,0.64275
Airpudin,0.56738,0.58608,0.5612,0.46033,0.64329
Aives,0.56328,0.58739,0.55457,0.47075,0.62917
Akis1966,0.51006,0.52168,0.45613,0.54414,0.52549
Akramdash,0.56731,0.58451,0.56424,0.46504,0.64088
AlNic,0.56554,0.58518,0.55541,0.4617,0.64019
AlabamaTraveler0,0.56756,0.5882,0.55775,0.46008,0.64335
AlaninVirginia,0.56935,0.58685,0.56506,0.45245,0.65428
Alanis628,0.5676,0.58414,0.56182,0.45586,0.65014
Alasunk,0.56962,0.58829,0.56599,0.4549,0.64572
Albela_Musafir,0.5652,0.58897,0.55481,0.46663,0.63508
AlbertasHome,0.56509,0.58335,0.5605,0.45796,0.6452
Albuq1,0.5653,0.58402,0.55722,0.46005,0.63849
Albymorkel,0.56879,0.58527,0.56336,0.45271,0.65066
Alchemy1200,0.5682,0.58527,0.56449,0.45487,0.64943
Alessandragerard,0.56445,0.58006,0.5581,0.45453,0.65892
AlexUkie,0.56132,0.58345,0.55113,0.4724,0.62996
AlexandrP,0.46915,0.48284,0.38122,0.61205,0.42623
Alexandriciul,0.56342,0.57676,0.55404,0.45258,0.6489
Alfanumeric,0.56456,0.58283,0.5584,0.46163,0.64278
Alfapair,0.55673,0.57284,0.54209,0.47598,0.63295
AliDUk,0.56473,0.58329,0.55646,0.46175,0.64297
Alicanteman,0.5633,0.58166,0.55185,0.46639,0.63762
AliceBlue-Chicago,0.5732,0.59259,0.57221,0.44415,0.65593
AliceMadera_CA,0.56778,0.58831,0.56269,0.45582,0.64075
Alice_W85,0.56321,0.57958,0.55123,0.46282,0.64618
Alison186470,0.56713,0.58617,0.55668,0.45816,0.64681
AlisonandBill,0.56701,0.58618,0.55824,0.45808,0.64568
Alkeshmehta,0.56615,0.58877,0.56015,0.46404,0.62966
AllyBee43,0.56779,0.58149,0.55958,0.45203,0.65696
AllyandBill,0.57136,0.59126,0.56505,0.45273,0.65213
Almousa,0.5638,0.58565,0.56132,0.46456,0.63665
Aloushka,0.57034,0.58302,0.57156,0.44115,0.64553
Altaskibum,0.56623,0.58889,0.5573,0.4618,0.63626
Alverson,0.56669,0.58133,0.56021,0.4552,0.64821
AlvinTSingapore,0.56563,0.58389,0.55463,0.46083,0.64209
Alxon,0.56752,0.58331,0.56196,0.45672,0.65318
Alycidon,0.56712,0.58372,0.55746,0.45517,0.65036
AlysonSP,0.56349,0.5832,0.55378,0.464,0.64536
Aman-India,0.56781,0.589,0.57123,0.4605,0.63545
Amarone61,0.56479,0.58481,0.55339,0.46279,0.63894
Amaryllis2011,0.5692,0.58569,0.56629,0.4487,0.65712
Amber9,0.56286,0.58356,0.55335,0.46612,0.64513
Americk,0.56998,0.5885,0.56988,0.45115,0.65005
Amerisam,0.56651,0.58436,0.55853,0.45966,0.64279
Amesthyite,0.5655,0.58196,0.55634,0.45919,0.64527
Amigolovelyhair,0.56875,0.58502,0.56432,0.45187,0.65945
AmoreBella,0.57035,0.59002,0.57286,0.45568,0.64444
AmyKinPhX,0.5673,0.58282,0.56114,0.4544,0.64903
AmyL55,0.56824,0.58524,0.56164,0.45312,0.64637
Amyksholiday,0.56719,0.58742,0.55839,0.45745,0.64091
Ana005,0.56525,0.58377,0.55694,0.46175,0.63884
AnaS1,0.56535,0.5785,0.55923,0.45724,0.65115
Analisa,0.56532,0.57859,0.56166,0.45739,0.63934
AnarKhaos,0.56544,0.58303,0.55707,0.46033,0.64469
Anarusso01,0.56793,0.59129,0.56334,0.45956,0.63715
Andariego,0.56841,0.58524,0.56146,0.45435,0.65217
AndiJ_AJ,0.56547,0.58087,0.55641,0.45632,0.64579
Andrea13,0.56712,0.5902,0.55681,0.4623,0.63876
Andrea63,0.5705,0.58852,0.56397,0.45119,0.65361
Andrey_Buzin,0.5698,0.58661,0.56704,0.45149,0.65473
Andriegel,0.56531,0.5833,0.5501,0.46043,0.63949
AndyCatChilliwack,0.56731,0.58472,0.55905,0.45401,0.64858
AndyChiara,0.56596,0.58407,0.55739,0.45789,0.65002
AndyOEastYorkshire,0.56031,0.56931,0.54835,0.46302,0.65224
Andy_from_Oz,0.56402,0.57574,0.5585,0.45787,0.64367
Andysa59,0.57147,0.59036,0.56624,0.4503,0.65569
Anecdotal,0.56758,0.58613,0.56101,0.45658,0.64871
Angel84India,0.56375,0.57999,0.5525,0.46194,0.64474
AngelFishLush,0.56727,0.58856,0.56006,0.45691,0.64241
Angela075,0.56962,0.58881,0.56592,0.45294,0.64797
Angela1702,0.56753,0.59068,0.57305,0.45813,0.63713
AngelaBax,0.56531,0.57991,0.55793,0.45575,0.64779
AngelaDickens,0.56938,0.58912,0.56581,0.45222,0.65185
AngelenePenguin,0.56726,0.58435,0.55803,0.45619,0.64811
Angelschild,0.56451,0.58724,0.5509,0.46479,0.64211
Angey,0.5632,0.57898,0.55305,0.46437,0.63766
AngloIrishRover,0.56532,0.58094,0.56103,0.45759,0.6448
AngusAsh,0.56924,0.58451,0.56493,0.451,0.65482
Anna1834,0.5661,0.58187,0.55638,0.45689,0.6509
AnnaC23,0.56134,0.57735,0.54784,0.46725,0.64674
AnnaL_10,0.57164,0.59222,0.56741,0.4517,0.65152
AnnaNorlander,0.56867,0.5827,0.5687,0.44867,0.65092
AnnaToni,0.56579,0.58012,0.55622,0.45575,0.64966
Anna_Shaws_Holidays,0.56053,0.58557,0.54863,0.47413,0.62021
Anne154,0.56195,0.58085,0.55232,0.46772,0.63089
Anneks,0.56551,0.58475,0.5569,0.46115,0.64231
Annette7256,0.56604,0.57879,0.5571,0.4553,0.65248
AnnieB08,0.5684,0.58956,0.55747,0.4573,0.64823
AnnieGee_11,0.5714,0.58798,0.56737,0.45203,0.65568
AnnieHEngland,0.56707,0.58564,0.55913,0.45559,0.64612
AnnieW69,0.56819,0.58892,0.55991,0.45733,0.64594
AnniiL,0.56668,0.58422,0.56051,0.45786,0.64449
Anon4444,0.56839,0.58799,0.55785,0.45726,0.6446
Anon_Contributor,0.56832,0.58601,0.55748,0.45459,0.65444
AnotherNIteOnTheRoad,0.56769,0.58914,0.55951,0.45948,0.64183
Anrmd,0.56823,0.58894,0.55855,0.45869,0.64356
AnshumanGoyal,0.56719,0.5857,0.56728,0.45907,0.63905
Antoinette78,0.56269,0.5827,0.55589,0.46461,0.6352
Antonius-Pax,0.56785,0.58126,0.56436,0.452,0.6532
Antsy280,0.56709,0.58949,0.55907,0.45894,0.6421
AnupMehta,0.57478,0.5936,0.59405,0.46737,0.65695
Aprile_24,0.57012,0.58679,0.56263,0.45259,0.66003
Aquaplsh,0.56712,0.5867,0.55783,0.4582,0.64503
Aquarian_Mermaid,0.56522,0.58391,0.55366,0.46113,0.64427
AradhanaVerma,0.56736,0.58573,0.56145,0.45737,0.64807
Arandale,0.56551,0.58165,0.55435,0.46076,0.65334
Archerandchewy,0.5684,0.58555,0.56263,0.45561,0.64767
ArcheryFamily-NJ,0.56731,0.58636,0.56,0.45818,0.64544
Arilh,0.56868,0.57996,0.56323,0.44643,0.6585
Arlette004,0.57185,0.59126,0.57169,0.45061,0.65285
Armymed,0.56553,0.58173,0.55806,0.45772,0.64694
ArnaudLondon75,0.56744,0.58585,0.56197,0.45777,0.64659
Arnie_MD,0.56576,0.59062,0.55847,0.46578,0.63571
ArtRussianMom,0.57247,0.59161,0.57277,0.44841,0.64549
Arthur010,0.56697,0.58098,0.55867,0.45498,0.65877
ArthurCBirmingham,0.56514,0.58473,0.55534,0.46276,0.64541
AryanaToronto,0.56441,0.58272,0.55359,0.46216,0.63756
AsexualSydney,0.56415,0.58079,0.55966,0.45899,0.63844
Ashiyadudeman,0.56509,0.58342,0.55773,0.46224,0.63664
AshleyDCandBrussels,0.57047,0.59082,0.56777,0.45282,0.64889
AskPranav,0.56711,0.58856,0.55791,0.4623,0.63867
AskingForHelp,0.56934,0.58893,0.55691,0.45395,0.65373
AspiringFoodie,0.56896,0.58645,0.56204,0.45316,0.65168
AsquareIU,0.56742,0.58855,0.55851,0.45921,0.64187
AstonUk,0.56307,0.58184,0.55023,0.464,0.64227
Astra29,0.55693,0.57,0.5428,0.47459,0.6398
Astrid72,0.5683,0.58728,0.55993,0.45507,0.64575
Atena,0.5669,0.58743,0.55695,0.45856,0.64387
Atl30309,0.56983,0.5847,0.56657,0.45099,0.65309
Atlanta_Ga_Doorman,0.56506,0.58666,0.55592,0.46257,0.63853
AtoZHouston,0.56943,0.59082,0.56743,0.45404,0.6427
AtomicTraveller,0.56297,0.57937,0.5514,0.46314,0.64405
AttitudeAdjuster,0.56341,0.57655,0.55473,0.46053,0.64339
Audi268,0.57134,0.59543,0.56412,0.45553,0.64001
Auli51,0.56881,0.58487,0.56441,0.45265,0.64913
AusBeagle,0.5665,0.58267,0.55886,0.45649,0.64762
AusTravellerSydney,0.56712,0.58523,0.55856,0.45845,0.6473
AusTripPlanner,0.56779,0.58233,0.56251,0.45348,0.64961
AusfamItaly,0.56786,0.58315,0.56287,0.45204,0.6508
Aussie067,0.56785,0.58857,0.56475,0.46051,0.64055
AussieTraveller1983,0.56446,0.58499,0.5532,0.46512,0.6377
Aussie_Andrew,0.56384,0.57639,0.55531,0.45933,0.64591
Aussie_travellers201,0.56415,0.5811,0.55225,0.46329,0.64304
Aussienando,0.56612,0.58591,0.55914,0.45951,0.63967
Aussiepilot,0.56256,0.58251,0.54771,0.46688,0.63859
Aussieseurosummer,0.56789,0.59051,0.55985,0.45912,0.645
AustenWodehouse,0.56226,0.57896,0.55071,0.46673,0.63847
AustinBeach001,0.56884,0.59024,0.56121,0.45959,0.6443
Austinguytexas,0.57023,0.59023,0.56508,0.45275,0.6464
Ausyuppy,0.56592,0.58757,0.55493,0.4638,0.63712
Avatar07,0.56972,0.5852,0.56204,0.45162,0.65263
Averbuch,0.56958,0.58459,0.5669,0.45099,0.66017
Avinash_b11,0.56741,0.58508,0.5625,0.45575,0.65035
Avishai625,0.5708,0.58515,0.56988,0.45086,0.66285
AvniBaroda,0.56554,0.5856,0.55408,0.46139,0.64353
AvocadoInParadise,0.56533,0.58504,0.5539,0.46095,0.64218
Avsecken,0.56794,0.58643,0.57137,0.45936,0.62492
AwSnowboarder,0.56722,0.58852,0.56112,0.46305,0.63225
AwakenTampa,0.56448,0.58481,0.55555,0.46406,0.63346
Awful_Kgp,0.56187,0.5608,0.55701,0.4412,0.65781
Awkward_Veggie,0.56396,0.58535,0.55404,0.46642,0.63639
AyannaFlorida,0.56946,0.58896,0.56552,0.45513,0.6457
AyeletH,0.56733,0.58318,0.55777,0.45745,0.65188
Aylab,0.56829,0.58244,0.56134,0.45226,0.65725
AyrshireBacon,0.56468,0.58014,0.55615,0.45825,0.64945
Ayrshirelinz,0.56425,0.58156,0.55281,0.4617,0.64226
Azmi-Travel,0.56717,0.58601,0.5589,0.45855,0.64906
AznArt,0.5693,0.58677,0.55996,0.45465,0.65582
B-Abroad,0.56906,0.58998,0.56454,0.45581,0.65171
B0F,0.56715,0.57553,0.56039,0.45038,0.66821
BAJB,0.56623,0.58666,0.55566,0.46007,0.64774
BAMMOSWIFE,0.56662,0.58381,0.56086,0.45391,0.64451
BBunbun,0.5639,0.57744,0.5538,0.46073,0.64649
BCLions123,0.56689,0.58608,0.56283,0.46106,0.64061
BC_Eagle_JD,0.56704,0.58317,0.5542,0.45676,0.65015
BCtraveler44,0.56568,0.587,0.56124,0.46361,0.6328
BDL999,0.56602,0.58149,0.55716,0.45705,0.64713
BE-Pieter,0.57034,0.59003,0.56886,0.45251,0.64495
BENtraveln,0.56538,0.57716,0.55459,0.45622,0.65408
BEYLHR,0.5653,0.5779,0.55701,0.45501,0.65725
BHappynow,0.56828,0.59277,0.56109,0.45873,0.64074
BHayes55,0.56576,0.57901,0.55759,0.45488,0.65706
BIBGNottingham,0.56623,0.58663,0.56114,0.4627,0.64438
BJC84,0.56254,0.57968,0.55081,0.46651,0.64212
BJD081311,0.56464,0.57895,0.55825,0.4565,0.64716
BLinFlorence,0.56929,0.58708,0.56344,0.45169,0.65928
BMBeer,0.56522,0.58191,0.55283,0.4591,0.6481
BMWM5Driver,0.56956,0.58789,0.56576,0.45339,0.65334
BMWilliams1982,0.56443,0.58551,0.55188,0.464,0.63822
BReade81,0.56975,0.5931,0.56535,0.45342,0.64405
BSAP,0.56343,0.57589,0.55626,0.46102,0.64787
BSFTL,0.57508,0.59152,0.57531,0.44295,0.66607
BTH1,0.56546,0.57657,0.55879,0.45485,0.65597
BTT,0.56811,0.58785,0.56129,0.45748,0.64071
B_Pope,0.56834,0.58746,0.56081,0.45551,0.64841
Babs065,0.56791,0.59199,0.56705,0.45717,0.63433
BabsLimerick_Ireland,0.55942,0.58245,0.54935,0.47485,0.6319
Back_to_Sandringham,0.56707,0.58197,0.55966,0.45585,0.65193
Backfixer,0.56674,0.58069,0.55927,0.45657,0.65677
Badgerhound,0.56831,0.58768,0.56452,0.45753,0.64529
Badgerjim,0.56838,0.58388,0.56153,0.45089,0.65248
Badlydrawngirl,0.56944,0.59126,0.56517,0.45623,0.6434
Bafio,0.56519,0.57946,0.55316,0.45772,0.65306
BaggageAllowance,0.56427,0.58134,0.55224,0.46122,0.64758
Baidoo,0.57026,0.58687,0.56662,0.45043,0.65278
Baker07,0.56916,0.58823,0.56202,0.45389,0.64845
Baldvin_and_Grace,0.567,0.58801,0.55779,0.45992,0.6402
BambangKaro,0.56932,0.58232,0.5697,0.4486,0.65816
BandiB,0.56499,0.58275,0.55595,0.46142,0.63731
Bangkokexpat,0.5691,0.5872,0.56063,0.45503,0.65138
Bappa_Mumbai,0.56744,0.58342,0.56249,0.45557,0.64608
Barb228,0.56841,0.58318,0.56111,0.45177,0.65137
BarbM2015,0.56925,0.58755,0.56306,0.45266,0.65113
Barbara48,0.56698,0.58408,0.55918,0.45729,0.64458
Barbie892,0.56917,0.58244,0.56408,0.44959,0.65387
BarefootReviewer,0.56932,0.5887,0.56176,0.45,0.64735
Bariloche-61,0.56108,0.57704,0.55467,0.46534,0.63971
Barmag,0.56845,0.58652,0.5587,0.45429,0.65369
Barnaby_Jones,0.5687,0.58268,0.56553,0.45495,0.65394
Barney2009,0.56694,0.58118,0.55913,0.4581,0.64314
BaronVonNick,0.56428,0.58139,0.55484,0.45939,0.65052
BarryBethal,0.56358,0.58286,0.55191,0.46332,0.63983
BarryC2010,0.56482,0.58018,0.55741,0.45989,0.6453
Basics100,0.56624,0.58637,0.55442,0.45941,0.64423
Battota_AA,0.56687,0.58559,0.56167,0.45867,0.63975
Baxman,0.56636,0.58817,0.55888,0.46168,0.63603
Bazzer73,0.56917,0.58607,0.56398,0.45298,0.65351
BeATraveler,0.56644,0.58212,0.55787,0.45534,0.65026
BeHappy001,0.56572,0.58177,0.55641,0.46004,0.64828
BeLLaJade,0.57096,0.58797,0.56864,0.44917,0.65009
BeMySamaritan,0.57216,0.5911,0.56802,0.44782,0.6543
Beach-n-Scuba,0.56966,0.58657,0.56433,0.45287,0.65408
Beaches2626,0.56722,0.58914,0.55605,0.46014,0.64055
Beans_puka_shell,0.56615,0.58101,0.55716,0.45678,0.64889
BeansterIreland,0.5657,0.58588,0.55407,0.46109,0.64526
Bear_Eskimo,0.56527,0.58391,0.55668,0.45828,0.64437
Bearable1,0.5684,0.58613,0.56338,0.45597,0.64876
Bearded_Beast,0.56654,0.58479,0.55678,0.45947,0.64382
BeatriceNY,0.56968,0.58961,0.56768,0.45639,0.64594
Beaverlea_10,0.56673,0.5827,0.56046,0.45649,0.64831
BecSutb,0.56397,0.58115,0.55059,0.46169,0.6462
BeckyCooper,0.57229,0.59459,0.56813,0.45098,0.65025
Becsupierz,0.56723,0.58298,0.55922,0.45511,0.65197
Bee833,0.56809,0.59236,0.56074,0.46027,0.64147
Beeffinder,0.56101,0.57917,0.54964,0.46741,0.63124
BeingGreen,0.56857,0.58624,0.5616,0.45204,0.6465
BeingUs,0.56906,0.59044,0.56495,0.4549,0.64766
Bel1,0.56846,0.58758,0.56779,0.4562,0.64722
Bel20,0.56699,0.58702,0.55606,0.45961,0.64416
BelDan23,0.56051,0.5766,0.54754,0.46729,0.63919
Belgian,0.56564,0.59028,0.5574,0.46493,0.63385
Belgian_EU,0.56642,0.58572,0.5572,0.46077,0.64117
Belle2375,0.56449,0.58485,0.55121,0.46295,0.64136
BellsHollow,0.56038,0.58468,0.55657,0.47393,0.62549
Benjamin_S,0.56504,0.59057,0.55442,0.4688,0.62938
BennyDoran,0.56583,0.58297,0.55672,0.45876,0.64808
BergenRoy,0.56478,0.58527,0.55817,0.46437,0.63713
Bergern,0.56876,0.5879,0.56141,0.45468,0.64542
BermyBye,0.56715,0.58675,0.55691,0.45863,0.64492
BertDC,0.56804,0.58535,0.5626,0.45531,0.64867
Bertaccone,0.56914,0.58559,0.56745,0.45146,0.65077
Bertrand_FRA,0.56009,0.5809,0.54505,0.47715,0.63
Bertybign,0.56524,0.58246,0.55395,0.46103,0.64327
Betabloke,0.56699,0.58784,0.56138,0.4601,0.64056
Bethelpeeps,0.57108,0.59093,0.56469,0.45056,0.65306
Betsyat240,0.56523,0.5801,0.55797,0.45898,0.64744
BettyB000_10,0.56789,0.58459,0.56249,0.45278,0.65408
Beverley29,0.5633,0.57679,0.55408,0.4608,0.64994
Bicky2,0.56752,0.58904,0.56218,0.45972,0.63899
BienVago,0.56623,0.57939,0.55944,0.45515,0.65084
BigBlueOcean7,0.56552,0.58248,0.55712,0.45938,0.64172
BigCanadianFamily,0.56373,0.58448,0.55259,0.46504,0.63882
BigRuss1213,0.56679,0.58283,0.56098,0.45779,0.64898
Bigdaddi0,0.5654,0.58484,0.55723,0.46134,0.64004
Bignbeefy,0.56556,0.59068,0.5578,0.46549,0.62748
Bigredbard,0.56871,0.58854,0.57088,0.45451,0.65022
Bijouxmama,0.56707,0.58531,0.55993,0.4573,0.64333
Bildo,0.56712,0.59251,0.55918,0.46296,0.63459
Bill_Fareham,0.56879,0.58378,0.56546,0.45166,0.65039
BillsMaryland,0.57331,0.59033,0.57126,0.44548,0.6539
BinDereDoneDat,0.56522,0.58492,0.55626,0.46143,0.63823
Bingenheimer,0.56958,0.58371,0.56345,0.4493,0.65646
Bingley1,0.56677,0.58387,0.55852,0.45633,0.64914
BinsSingapore,0.57088,0.59039,0.56531,0.45329,0.65284
Bird-Bird-Blogger,0.57003,0.59297,0.56316,0.45723,0.64337
Birdbrain72,0.56636,0.58664,0.55745,0.45837,0.64208
Birdmombjk,0.57092,0.59187,0.56492,0.45518,0.6447
Birdyc3,0.56554,0.5836,0.56082,0.45612,0.64204
BirminghamJollyBoy,0.56976,0.58466,0.56596,0.44915,0.64993
BirminghamLola,0.56695,0.57834,0.5593,0.45182,0.65815
BishopORyan,0.57055,0.59,0.56238,0.45233,0.64781
BitteWesterlund,0.57249,0.59021,0.57116,0.44801,0.65927
BizLeisureFred,0.56698,0.5847,0.55761,0.45654,0.64651
BizLisTrotter,0.56338,0.57837,0.55367,0.46291,0.63929
Biz_Traveller008,0.57028,0.58762,0.56844,0.44982,0.65216
BizzyLizzy1,0.56989,0.59165,0.5694,0.45397,0.64664
Bjod,0.56526,0.58065,0.55799,0.45929,0.64594
Bjorn61,0.56578,0.58446,0.55356,0.45956,0.64292
BlackburnRovers4,0.56626,0.5879,0.5579,0.46179,0.63638
BlackpoolTourist,0.56327,0.57919,0.55199,0.4621,0.64226
Blairz,0.56722,0.58686,0.55873,0.45672,0.64169
Blakely69,0.5694,0.58828,0.56021,0.45409,0.65053
Blaze14,0.56201,0.57952,0.55079,0.4664,0.64094
Blerke,0.56472,0.58235,0.55169,0.46061,0.64619
BlindNinja,0.5653,0.58389,0.55788,0.46186,0.64579
Blitchy,0.56701,0.58301,0.55848,0.45586,0.65137
BlockIslandgirl831,0.56727,0.58907,0.56701,0.46094,0.63428
Blue_Norseman,0.56856,0.58605,0.56392,0.45397,0.64861
Bluechip78,0.56427,0.5784,0.55525,0.4596,0.64487
BluesTraveler75,0.57061,0.58824,0.56877,0.45279,0.64638
Blueyedworldtraveler,0.57025,0.59114,0.55943,0.45368,0.65166
Blurgeshmurg,0.56555,0.58114,0.5586,0.45559,0.6489
Bmthlad35,0.56086,0.57222,0.55091,0.4622,0.65249
Bob1949,0.56566,0.58295,0.55466,0.4589,0.64608
BobDong,0.56784,0.58467,0.55977,0.45435,0.65056
BobHarvey,0.567,0.58032,0.55958,0.45278,0.65886
BobSanJuan,0.56374,0.5863,0.55714,0.47088,0.63621
BobWritesAReview,0.56573,0.58122,0.5595,0.4561,0.65084
Bob_the_Aussie,0.56402,0.5822,0.55687,0.46375,0.64
BobbyGAus,0.56523,0.58798,0.55904,0.46647,0.62701
BobbyNL,0.56589,0.58218,0.55888,0.45921,0.64816
Boccato,0.56691,0.57945,0.55916,0.4557,0.66109
Bockman,0.57062,0.58705,0.56761,0.44881,0.65274
Bodelicious,0.56688,0.58895,0.55772,0.461,0.63947
Bohemia123,0.569,0.5877,0.56084,0.45542,0.64351
Boilers0809,0.5651,0.58535,0.55582,0.45995,0.63786
BoldlyGO,0.56733,0.5865,0.55836,0.45741,0.64363
Bollinge,0.56418,0.58372,0.55465,0.46468,0.63559
Bolotet,0.56286,0.58424,0.55188,0.46863,0.63588
Bon_voyage79,0.56652,0.58866,0.55561,0.46169,0.63985
Bonbon1399,0.56744,0.58892,0.55733,0.46027,0.6449
Bondsammax,0.56631,0.58302,0.55785,0.45808,0.64518
Bongo_Craigy,0.56311,0.57761,0.55651,0.45826,0.64698
Bonnotgirl,0.56645,0.58476,0.55891,0.45692,0.6499
Bonnyblink,0.56805,0.58254,0.56081,0.45178,0.65388
BooTerp02,0.5705,0.59236,0.56681,0.45543,0.64937
Bookend48,0.57078,0.59096,0.5639,0.45288,0.64897
Bookflyer,0.56904,0.58834,0.55974,0.45498,0.64515
BorderRambler,0.56615,0.58308,0.55683,0.45753,0.64895
Boristhebold,0.56174,0.5744,0.54987,0.46416,0.64694
Boroko,0.56643,0.58214,0.56121,0.45942,0.65021
BostonRico,0.56283,0.59136,0.55789,0.47486,0.61605
Botticelligirl,0.56777,0.58915,0.55577,0.45789,0.64524
Bouff,0.56688,0.58521,0.55725,0.4571,0.64352
Bowtell,0.56645,0.58864,0.55425,0.46162,0.63635
Bozz56,0.56778,0.58621,0.55829,0.45661,0.64445
BradandJanet,0.56442,0.58057,0.55564,0.45881,0.64069
Bradstir,0.57421,0.5891,0.57561,0.44198,0.65878
BrananMike,0.56773,0.58323,0.56154,0.45485,0.6529
BrasilRoma,0.56743,0.58075,0.56384,0.45594,0.65499
Brass612,0.56946,0.58861,0.56267,0.45367,0.64814
Brazil_Fan1,0.56592,0.5858,0.55455,0.46177,0.64122
Breamo,0.56488,0.58708,0.55344,0.46637,0.63081
BrendaBaltimore,0.56981,0.5882,0.56244,0.45268,0.6535
Brenmeryl,0.56749,0.5881,0.56327,0.45869,0.64596
Brenrick,0.57212,0.59436,0.57144,0.45149,0.64664
Brian5900,0.56839,0.58791,0.56107,0.45788,0.64683
Brian72,0.5771,0.59314,0.57668,0.43762,0.67193
BrianChiu,0.56525,0.58532,0.55972,0.46261,0.64339
Brianbiz555,0.56755,0.58856,0.55935,0.45947,0.63968
Bribear,0.56598,0.58359,0.55855,0.45975,0.63816
Brightrob,0.56702,0.58614,0.55807,0.46039,0.64128
Briman111,0.56731,0.59174,0.56097,0.46224,0.63631
Brinoabroad,0.56953,0.58835,0.56267,0.45383,0.65112
BrisbaneMegan,0.56995,0.58803,0.56729,0.45193,0.65112
Bristo,0.56973,0.58956,0.56438,0.45416,0.65343
Britannic,0.56597,0.57766,0.55779,0.45538,0.65721
Briteyes,0.56852,0.58397,0.56132,0.45085,0.65233
BritishAsianfamily,0.56693,0.58607,0.55695,0.45977,0.64899
Britsabroad2010,0.56457,0.57669,0.553,0.45795,0.65401
BrlDsguise,0.56511,0.57898,0.55694,0.45879,0.64768
BronwenL,0.56937,0.58744,0.5619,0.45262,0.64928
Bronz01,0.57091,0.58781,0.5665,0.44919,0.65461
Brooke77,0.56822,0.58851,0.56086,0.45558,0.64502
BrooklynRider,0.56864,0.58652,0.56017,0.4543,0.64762
BrownStreet,0.56891,0.58742,0.56055,0.45463,0.64844
Bruce-Two,0.56712,0.58907,0.56353,0.46154,0.63386
Bruinsmith,0.56972,0.59036,0.56449,0.45339,0.6458
Brunlea,0.56531,0.57751,0.55927,0.45541,0.65315
Bruno80799,0.56788,0.59106,0.56431,0.46008,0.63449
BrutalNick,0.5705,0.58777,0.56387,0.4512,0.65128
Bubblebooo,0.57093,0.59196,0.56691,0.45016,0.65169
Bubsta,0.568,0.58521,0.55969,0.45601,0.65423
Buckeye582,0.56945,0.58866,0.56783,0.45639,0.64768
BuddyMalloy,0.56907,0.59045,0.56343,0.45692,0.64186
BuddyPUSA,0.57018,0.58799,0.56578,0.45145,0.65104
Budfisher,0.55323,0.56048,0.54065,0.47708,0.64244
Buff_G,0.56589,0.58819,0.55364,0.46341,0.63662
Buffy24,0.56836,0.58922,0.56399,0.4576,0.64174
Bumbi17,0.56404,0.58485,0.55599,0.46566,0.6322
Bunnydots,0.56428,0.5783,0.55314,0.45901,0.64752
Buquing,0.56854,0.58643,0.56567,0.45385,0.64924
Burgeoning_traveller,0.56731,0.58521,0.55796,0.4571,0.64852
Burnleyguy,0.55989,0.5802,0.54698,0.46586,0.6379
BusinessTraveller019,0.56868,0.5844,0.5597,0.45451,0.65206
Busterkitty,0.56233,0.57844,0.5513,0.46728,0.64092
BusyTrveller,0.56975,0.58811,0.56273,0.45291,0.6508
Busylady56,0.5669,0.58386,0.56067,0.45679,0.65068
Button_382,0.56447,0.583,0.55657,0.46008,0.63669
C-Stop,0.56862,0.58307,0.5656,0.45333,0.65797
CA*PastryChef,0.56706,0.59028,0.55901,0.46215,0.63428
CAGirl411,0.56893,0.58714,0.56167,0.4528,0.65026
CAHeadHunter,0.56766,0.58418,0.55894,0.45409,0.6501
CAMoraga_Family,0.56688,0.58589,0.55916,0.45815,0.64797
CAR50,0.5679,0.58821,0.55931,0.45979,0.64406
CAWWales,0.56654,0.58368,0.5596,0.45924,0.64432
CAZZA0611,0.56133,0.57706,0.54672,0.46731,0.63986
CAblossom,0.56552,0.58417,0.55541,0.45521,0.64265
CBT_11,0.56817,0.58747,0.55768,0.45618,0.6464
CB_Aberdeen,0.57036,0.5849,0.56757,0.44881,0.65524
CBacha,0.57256,0.59268,0.5701,0.45176,0.65739
CBond2875,0.56668,0.58722,0.56,0.45841,0.64476
CC161,0.56604,0.58233,0.55933,0.45628,0.64985
CCC1000,0.56109,0.57921,0.54867,0.4676,0.63458
CEO85,0.57033,0.59025,0.56621,0.45237,0.64428
CFCamden,0.56585,0.58553,0.55439,0.46055,0.64746
CFFour,0.56384,0.57926,0.5547,0.46224,0.64232
CHINMAYVASAI,0.56834,0.58649,0.56095,0.45619,0.64816
CHM1,0.56686,0.58431,0.55845,0.45824,0.64861
CJCPHXAZ,0.5648,0.58804,0.55708,0.4703,0.6307
CJH1,0.55728,0.57008,0.54358,0.47112,0.63339
CJIMI,0.56561,0.58538,0.55819,0.46286,0.64203
CJKITTEN,0.55749,0.57229,0.54902,0.46888,0.63232
CJKatl,0.5696,0.5908,0.5623,0.45566,0.64676
CJTravelerTexas,0.56796,0.58143,0.56359,0.45202,0.65769
CJohannessen,0.5648,0.58425,0.55545,0.46247,0.64096
CJwellsy,0.56893,0.5887,0.5615,0.45365,0.65313
CLVan78,0.57005,0.58706,0.56523,0.44804,0.65008
CMC777,0.56888,0.58529,0.56548,0.45261,0.65096
CNam,0.56183,0.58116,0.55168,0.46892,0.63151
COCOFromOttawa,0.56783,0.58371,0.56279,0.45246,0.65255
COguy,0.56878,0.58784,0.56741,0.45571,0.64414
CPAALP,0.56417,0.58301,0.55168,0.46234,0.6446
CRobDerbyshire,0.56962,0.59071,0.55882,0.45412,0.64976
CTA76,0.56678,0.58478,0.55835,0.45754,0.64128
CTBCalifornia,0.56377,0.58416,0.55253,0.46633,0.64021
CTSunseeker,0.56657,0.58203,0.55631,0.45631,0.65291
CTwydale,0.56856,0.58991,0.55985,0.45542,0.64521
CZGreenlee,0.56559,0.5835,0.55688,0.45914,0.64423
CaAz-JT,0.56525,0.58292,0.55585,0.46074,0.64395
CaffTwo,0.56144,0.57412,0.55145,0.46111,0.64968
Caiybpf,0.56453,0.57709,0.55532,0.45699,0.65172
CalCountryView,0.5671,0.58454,0.55929,0.45682,0.65251
CalalilyD,0.56607,0.58323,0.55849,0.45952,0.64414
Calbarry,0.5693,0.58531,0.56248,0.45533,0.64989
CaliGirl521,0.569,0.58755,0.56313,0.45104,0.65269
CaliLover05,0.56432,0.58012,0.55865,0.45787,0.64754
Calibrator,0.5651,0.58142,0.55553,0.45716,0.65082
California9,0.56925,0.5829,0.56481,0.45023,0.6572
CaliforniaDaveS,0.57149,0.58903,0.56982,0.44976,0.65539
Calnev,0.56734,0.58698,0.56123,0.45773,0.64391
CambridgeDon,0.56964,0.58496,0.56394,0.4484,0.65853
CameliaMumbai,0.56823,0.58666,0.56568,0.45496,0.64631
Camilla_Kim,0.56547,0.58895,0.55686,0.46601,0.63117
Cammi9,0.56735,0.5822,0.56398,0.45444,0.65094
Campanellis,0.55893,0.57377,0.5458,0.46671,0.63943
Campaspediva,0.57137,0.58713,0.57317,0.4478,0.65184
Campbie,0.57171,0.58905,0.56442,0.44775,0.65635
CanadaMatt,0.56443,0.58409,0.55665,0.46488,0.63969
Canadagrrl,0.56537,0.5849,0.55567,0.46124,0.64705
CanadianinMadrid,0.5632,0.5776,0.5533,0.46219,0.64379
CanberraJenny,0.56616,0.57857,0.56026,0.45475,0.65313
Canboy,0.56942,0.58801,0.56564,0.4553,0.64181
Canoe4770,0.56865,0.5878,0.56142,0.45513,0.64839
Canuckle007,0.56737,0.58679,0.56507,0.45773,0.64936
Caomhinstravels,0.56707,0.58286,0.56284,0.45467,0.64954
CapeTown78,0.56592,0.58482,0.55619,0.45774,0.6442
CapeTownmaggie,0.56767,0.58488,0.55717,0.46199,0.63782
Capodicapi2,0.56277,0.58041,0.55459,0.46599,0.63538
CaptBill64,0.5672,0.58013,0.56464,0.45474,0.64962
CaptainD4,0.5695,0.58588,0.56388,0.45271,0.65016
Captain_DaveMontreal,0.56747,0.58967,0.5582,0.45976,0.63866
CarKri02,0.56414,0.5789,0.55256,0.45935,0.65027
Cared200,0.5654,0.58554,0.5587,0.46215,0.6468
Carl_Pressman,0.56792,0.58297,0.56298,0.45484,0.65129
Carltona,0.56873,0.58546,0.56379,0.45065,0.64761
Carol34859,0.57116,0.58883,0.56801,0.44997,0.64923
Carol__26__Kevin,0.56006,0.57596,0.54707,0.46948,0.63631
CarolinainDallas,0.56571,0.58344,0.55909,0.45909,0.64521
CarolineMcMuffin,0.57147,0.58909,0.57099,0.44769,0.6536
CarolynAnnM,0.56301,0.57071,0.55158,0.45692,0.6575
CarolynLeanne,0.56541,0.58642,0.55556,0.46207,0.63645
Carrgirl42,0.57308,0.59312,0.57122,0.44618,0.64782
CarrieAndy,0.56233,0.57503,0.5511,0.4611,0.64547
CarrigeenYorkshire,0.56629,0.58659,0.55858,0.46055,0.64484
CarstenThue,0.56001,0.57393,0.54803,0.4666,0.63854
Cary101,0.56478,0.57893,0.55634,0.45818,0.64814
CasaRoscoe,0.56766,0.58439,0.55956,0.4552,0.65379
Casey26,0.56368,0.58402,0.54903,0.46508,0.63707
Cashmra,0.56768,0.58598,0.56262,0.45635,0.65164
Caspiano,0.56279,0.57783,0.55198,0.46246,0.64541
Cassiopeia1,0.5688,0.59093,0.56266,0.45571,0.64603
CateWithASea,0.56916,0.5876,0.56692,0.45446,0.64493
CathP,0.5642,0.5871,0.55425,0.46704,0.62812
Catherinelovesmiami,0.57232,0.58845,0.56907,0.44562,0.657
CathyOhio,0.56751,0.58472,0.5615,0.45602,0.64471
Catty140,0.5666,0.58095,0.55877,0.45473,0.65375
Causette1,0.56669,0.588,0.55771,0.45989,0.63908
CavanJet,0.56915,0.58669,0.56365,0.45128,0.64962
Caximba,0.56739,0.58995,0.561,0.46386,0.63581
Caymantraveller65,0.56678,0.57968,0.5606,0.45389,0.65141
CazRob,0.56769,0.58926,0.55889,0.45455,0.64648
Celeste598,0.56785,0.58221,0.56287,0.45373,0.64827
Cestovatel_W,0.56731,0.58675,0.55882,0.45809,0.65141
ChaletLaGiettaz,0.56631,0.58521,0.5556,0.45843,0.64697
ChampagneDoberman,0.56929,0.58834,0.55859,0.45275,0.64991
ChampagneLiverpool,0.56816,0.58557,0.56514,0.45154,0.65023
Champcar,0.56669,0.58108,0.56099,0.45722,0.64784
Chanika,0.55446,0.58201,0.50262,0.48537,0.60949
Charcar,0.56608,0.58316,0.55908,0.45859,0.64477
Charlemaine,0.5614,0.57031,0.55004,0.46004,0.6585
CharlesDP,0.56572,0.58511,0.55536,0.46036,0.63896
Charles_Orleans,0.56571,0.57686,0.55695,0.45459,0.65519
Charlesgate,0.56885,0.58664,0.56205,0.45437,0.65088
CharlieYM,0.5666,0.58294,0.56275,0.45299,0.65343
Charliegirl211,0.56379,0.58031,0.55377,0.46135,0.64054
ChatVoyageur,0.56643,0.58553,0.556,0.45838,0.64514
Chats2092,0.56638,0.57819,0.55909,0.45271,0.65376
Cheapestmanalive,0.57102,0.58865,0.56956,0.45025,0.65653
CheersTC,0.56808,0.58812,0.55783,0.45659,0.64333
CheersTravelGuy,0.56437,0.58156,0.55774,0.46267,0.64579
Cheeser_9,0.56825,0.58197,0.56192,0.45211,0.65577
Cheledonna,0.56696,0.58445,0.56259,0.45641,0.64566
Chellis74,0.56577,0.58787,0.55739,0.46031,0.63464
Chelsea-v-Inter,0.56489,0.58547,0.55387,0.46695,0.63676
CheltenhamCheltenham,0.56743,0.59011,0.55913,0.45978,0.64134
Cher_T,0.56546,0.5836,0.55644,0.46216,0.64643
CherlyLondon,0.56945,0.58507,0.56398,0.44954,0.65933
CherrySlurpees,0.56687,0.58544,0.56165,0.45887,0.64101
CherylABQ,0.56743,0.58756,0.56262,0.45815,0.64159
CheshireDesire,0.57065,0.58803,0.56604,0.45022,0.65645
CheshireMatt,0.56597,0.58473,0.55834,0.45849,0.64377
CheshireRexxie,0.56557,0.57721,0.56433,0.45597,0.64141
ChesterMitch,0.56824,0.58752,0.56298,0.45712,0.64378
Cheyanne83,0.56155,0.5873,0.55257,0.46695,0.62238
ChezmossAustralia,0.57289,0.59426,0.58463,0.45169,0.65267
Chica_and_Chico,0.56688,0.58671,0.56128,0.45776,0.63966
ChicagoBizDude,0.57002,0.58803,0.56646,0.45261,0.65129
ChicagoChik77,0.56854,0.58846,0.56167,0.45708,0.64496
ChicagoFamily2010,0.56823,0.58577,0.56251,0.45637,0.64456
ChicagoLondon,0.5696,0.59191,0.5635,0.45776,0.64238
Chicagotraveler83,0.56607,0.58053,0.55724,0.45616,0.65168
Chickietravel,0.57054,0.58715,0.56675,0.44708,0.65714
Chiefette1970,0.56791,0.58805,0.55934,0.45747,0.64696
Chilla,0.5655,0.58531,0.55486,0.46047,0.64445
Chiller2k9,0.56579,0.58444,0.55408,0.45953,0.64508
Chillipeppa,0.56444,0.58014,0.55547,0.45892,0.64584
Chilly2525,0.56766,0.58831,0.55906,0.45721,0.64345
Chipotlequeen,0.56362,0.59819,0.56716,0.45848,0.61499
ChloeTeah,0.56945,0.59241,0.56611,0.45815,0.63987
Cholako,0.56742,0.58345,0.56078,0.45574,0.65389
Chompie,0.56646,0.58005,0.56071,0.45237,0.65102
Chris020,0.56107,0.57744,0.55203,0.46565,0.6411
Chris1978,0.56548,0.58407,0.5567,0.45986,0.64399
Chris295424,0.56471,0.58429,0.55235,0.4634,0.64218
ChrisCalGal,0.57113,0.58805,0.57086,0.44921,0.65305
ChrisCork_Ireland,0.56851,0.58689,0.56175,0.45424,0.64302
ChrisCymru,0.56859,0.58196,0.56585,0.45062,0.65324
ChrisG1956,0.56495,0.5833,0.55541,0.46131,0.64128
ChrisLondon_UK,0.5729,0.58725,0.57096,0.43586,0.64916
ChrisNCL,0.5658,0.58214,0.55641,0.45808,0.6474
ChrisT1962,0.5678,0.58757,0.56189,0.45701,0.63916
Chris_Battersea,0.5696,0.58908,0.56439,0.45175,0.65186
Chris_Jetten,0.56602,0.58153,0.55516,0.45661,0.65182
Chris_Sandeman,0.56691,0.58529,0.56129,0.45808,0.64548
ChrisandCarlos,0.56774,0.58311,0.56224,0.45052,0.64693
ChrissyHny,0.56947,0.58821,0.56192,0.45347,0.65238
ChristinaF,0.56928,0.58801,0.56247,0.45464,0.65001
Christina_Poursain,0.56495,0.58716,0.5544,0.46426,0.63967
Christofofofof,0.56497,0.58725,0.55363,0.46544,0.63984
Chuck1001,0.56817,0.58673,0.55755,0.45673,0.65139
Chunkymicky,0.56448,0.57823,0.55408,0.45775,0.64992
CincinnatiSly,0.56819,0.58761,0.56035,0.45587,0.64867
Cincygrl67,0.56897,0.58966,0.56106,0.45764,0.64291
CindyAult07,0.57559,0.60602,0.58025,0.43806,0.62728
Cinghio,0.568,0.58126,0.56124,0.45059,0.66565
CiteCR,0.57166,0.59348,0.56653,0.4509,0.64514
CityLoverWales,0.56754,0.5886,0.55907,0.45925,0.64301
Citybreaks39,0.56369,0.58129,0.55462,0.46294,0.64242
ClaesMartin,0.56767,0.58537,0.56104,0.45514,0.65124
ClaireUK87,0.56522,0.5812,0.55305,0.45879,0.64869
ClareKEssex,0.56393,0.57766,0.55452,0.45754,0.64992
Clareinsguy,0.5693,0.58425,0.56761,0.45256,0.64654
Clarey71,0.56409,0.58096,0.55143,0.46296,0.64498
ClarkCreek,0.56818,0.58384,0.56116,0.45196,0.654
ClayDublin,0.56541,0.58375,0.55546,0.46021,0.64715
ClemFR,0.56546,0.58473,0.55604,0.46215,0.64377
Clement,0.57064,0.59042,0.56599,0.45366,0.64865
Cleopatra03,0.56589,0.58255,0.55643,0.45804,0.64892
CliffWalker,0.56403,0.57588,0.55594,0.45786,0.65155
ClintonJ1,0.56429,0.57829,0.55234,0.45874,0.64589
ClooneyFan,0.56927,0.58507,0.56544,0.45024,0.65462
ClovaTheWestie,0.56468,0.57965,0.55554,0.4593,0.64599
CocoSianElle,0.56445,0.58415,0.55229,0.46118,0.6387
Coe-8,0.56654,0.58003,0.55872,0.45508,0.65465
ColMoscow,0.57016,0.58674,0.56448,0.44832,0.65133
Colatown,0.56991,0.59091,0.56132,0.45359,0.64925
Cole17,0.56633,0.58551,0.57557,0.4625,0.64
ColetteAndJim,0.56527,0.58205,0.55652,0.45919,0.64675
ColinRAtlanta,0.56587,0.58643,0.55648,0.46252,0.63658
ColleenNigel,0.57044,0.58862,0.56574,0.45157,0.65442
Competency,0.56333,0.58541,0.5541,0.46868,0.62444
ConatserFamily,0.57004,0.58943,0.56563,0.45032,0.64787
Conk99,0.5644,0.58455,0.55428,0.46564,0.64073
Consigliere,0.56649,0.58396,0.55554,0.45856,0.64975
ConstantTraveller74,0.56502,0.57818,0.55814,0.45683,0.64775
ContingencyPlan,0.56598,0.58635,0.55809,0.46472,0.64281
CooperAlex,0.56517,0.58471,0.55733,0.46618,0.64625
Corb2000,0.5532,0.56364,0.53577,0.47414,0.63959
Corbrunner,0.56861,0.58424,0.56366,0.4539,0.64744
Corey87,0.56663,0.58675,0.55552,0.46355,0.63771
CorkBuckley,0.57004,0.59133,0.56237,0.45235,0.64727
CorkeyWilson,0.5637,0.57971,0.55125,0.46111,0.64556
CornwallDancer11,0.56636,0.5841,0.56144,0.45523,0.65045
Corpito,0.56848,0.58554,0.5628,0.45542,0.64704
Cortecera,0.56345,0.57882,0.55211,0.46169,0.64874
CostantTraveller,0.569,0.58578,0.56794,0.45278,0.64659
Countrygirlplus3,0.5677,0.58673,0.55856,0.45853,0.64218
Courtesy_Flush,0.5679,0.58988,0.55816,0.45997,0.63943
Couscous4,0.56887,0.58758,0.56329,0.45393,0.64583
CowTails,0.56497,0.58101,0.5538,0.45928,0.64912
Crackin-Toast,0.56684,0.58619,0.55824,0.45622,0.64611
Craig8246,0.56699,0.58613,0.5618,0.45552,0.64618
CraigB1970,0.56493,0.58972,0.55676,0.4668,0.63136
CraigH3,0.56339,0.58196,0.5557,0.46442,0.63859
Craigy,0.5661,0.585,0.55605,0.46091,0.64637
Cramz,0.56671,0.58678,0.56007,0.45973,0.64076
Crispymaster,0.567,0.58744,0.56065,0.45848,0.64618
Crouchinho,0.5629,0.57939,0.55079,0.46277,0.64281
Crumpet2009,0.57068,0.58869,0.56951,0.44997,0.64969
Cryjam,0.56474,0.57933,0.55384,0.46074,0.64447
Crystal2161,0.56704,0.58564,0.55791,0.4564,0.64443
Cthusky322,0.56832,0.58303,0.5641,0.45495,0.6507
Ctrigg1,0.57288,0.59043,0.57309,0.44711,0.65395
CubsFan3113,0.56761,0.5834,0.5628,0.45574,0.65234
CubsFanMichigan,0.57014,0.58962,0.56568,0.45219,0.64693
Cuiabano,0.56929,0.58661,0.56757,0.45498,0.65649
CupcakeCaz,0.56753,0.58784,0.56099,0.45618,0.64641
Curious_journey,0.56804,0.58417,0.56116,0.45618,0.6482
CurlySarah,0.5662,0.5892,0.55383,0.46132,0.63882
Cuttingblade,0.56714,0.58289,0.55808,0.4541,0.65389
CymroDyserth,0.56795,0.58334,0.56018,0.45353,0.65273
Cymrobach,0.56908,0.58947,0.56103,0.45506,0.65103
CyndersLovesToTravel,0.56978,0.58626,0.56216,0.44852,0.65763
Cynicor,0.56581,0.58619,0.55245,0.46172,0.64229
Cyril1,0.57169,0.58534,0.56487,0.44461,0.66294
D0cBr0wn,0.56878,0.58943,0.55902,0.45772,0.64878
DAISYBOO17,0.56754,0.58005,0.56128,0.4504,0.65793
DBSA42,0.56784,0.58382,0.56118,0.45325,0.65376
DC20something,0.5633,0.58149,0.55349,0.46513,0.63997
DCBiztraveler,0.57032,0.58714,0.56655,0.44967,0.65618
DCBob,0.57012,0.59202,0.55955,0.45763,0.64454
DCLW,0.56804,0.58552,0.55978,0.45422,0.6554
DCMontreal,0.5655,0.58414,0.55757,0.46229,0.64335
DCS2009,0.56919,0.58389,0.56984,0.45049,0.66224
DCTerry,0.56883,0.58594,0.56392,0.45279,0.64608
DCreelman,0.56281,0.58379,0.54989,0.46726,0.63564
DD31,0.56919,0.58899,0.56313,0.45494,0.64865
DEEPBaroda,0.56967,0.59292,0.565,0.46012,0.64212
DGregory1,0.56583,0.58847,0.55849,0.46271,0.63677
DJChud,0.56642,0.58751,0.55717,0.45953,0.63893
DJH-in-Austin,0.56923,0.59012,0.56088,0.45483,0.64213
DJNYC212,0.564,0.58118,0.55565,0.46299,0.64259
DJTOBY,0.56771,0.58969,0.56082,0.45916,0.63702
DKrauter,0.56628,0.5866,0.56167,0.46202,0.63132
DLagent,0.56587,0.58075,0.55948,0.45784,0.64624
DMcCHarrogate,0.56417,0.57934,0.55768,0.45728,0.64666
DNemo,0.57013,0.59303,0.57028,0.45075,0.63856
DRDerbyshire,0.56379,0.57897,0.55415,0.4621,0.6489
DRNS-London,0.56784,0.58001,0.56316,0.44853,0.66196
DRoachBlackRock,0.56791,0.58411,0.56255,0.45465,0.65179
DRuben1330,0.56653,0.5821,0.56086,0.46011,0.64909
DSR31,0.56795,0.585,0.56287,0.45407,0.64803
DW00d,0.56353,0.57715,0.55302,0.46036,0.64886
DWJK,0.57406,0.58744,0.58599,0.44028,0.65854
D_and_LWales_UK,0.56769,0.58265,0.55813,0.45389,0.65578
DadRob,0.56908,0.58944,0.56177,0.45592,0.64681
DadTravels,0.56949,0.58818,0.56212,0.45367,0.65261
Daffodils52,0.56788,0.58139,0.56052,0.45185,0.65347
Dafyda,0.56705,0.58495,0.55872,0.45844,0.64856
DagneyT,0.56899,0.58866,0.56233,0.45633,0.64658
DaisyCat27,0.5624,0.58373,0.54706,0.46825,0.63888
DaisyFred,0.56881,0.58936,0.56078,0.45418,0.6487
DallasChris,0.56674,0.58819,0.55663,0.46064,0.64106
Dam-Slo,0.56964,0.59272,0.57046,0.45511,0.64163
DamienOfSydney,0.56612,0.58728,0.55494,0.4632,0.63804
Dan1113,0.56397,0.58468,0.55391,0.4633,0.63539
DanEngland,0.56597,0.58705,0.55674,0.46266,0.63968
DandMtraveling,0.5684,0.58841,0.56817,0.45801,0.64097
Danglebone,0.56405,0.58347,0.55372,0.4649,0.64169
DaniLK,0.56913,0.5859,0.56177,0.45326,0.66143
DanielleButton,0.56428,0.58163,0.55184,0.46127,0.6463
DannoE,0.56716,0.58775,0.55791,0.45933,0.64217
DapaNewcastleEngland,0.56202,0.57811,0.54961,0.46341,0.63961
Daphne8100,0.56828,0.59012,0.562,0.46016,0.63883
DarienM,0.57255,0.58768,0.5724,0.44465,0.65481
DarlingtonWatsons,0.56249,0.57909,0.5506,0.46379,0.64092
Darlox,0.57265,0.59065,0.56545,0.4471,0.65277
DarthPaulo,0.56885,0.58696,0.56211,0.45255,0.65056
Dave504076,0.56261,0.57251,0.55004,0.45943,0.65239
DaveJC,0.56573,0.58431,0.55838,0.45767,0.64301
DaveTRFC,0.5651,0.58676,0.55171,0.4625,0.63677
DaveW62,0.56505,0.57768,0.55829,0.45749,0.64944
DavefromJersey,0.56639,0.58254,0.55961,0.45701,0.64765
Daveo_1978,0.56738,0.58938,0.56313,0.46334,0.63316
Davepuddy,0.56554,0.58453,0.55523,0.46003,0.63789
Davethedogg,0.56682,0.58464,0.55987,0.45866,0.64604
DaveyJA,0.56616,0.58125,0.55622,0.45682,0.64883
David186336,0.56041,0.57965,0.55008,0.46986,0.63404
DavidCF36,0.56666,0.58446,0.55756,0.45584,0.65086
DavidCarr404,0.56337,0.58184,0.56015,0.46255,0.64323
DavidPortland,0.5685,0.58463,0.56261,0.45399,0.64952
DavidfromDorset,0.56793,0.58473,0.56211,0.45479,0.65079
Davidius,0.57314,0.58945,0.56956,0.44477,0.65715
Davsion,0.5683,0.58578,0.56052,0.45273,0.65282
DawgmanOH,0.56573,0.58626,0.55643,0.46325,0.6403
DawnD57,0.56925,0.58697,0.56913,0.45452,0.64642
DawnJOhannesburg,0.56509,0.5788,0.55915,0.45923,0.6503
Dazzer6666,0.5686,0.58628,0.55912,0.45477,0.6562
Ddilts1,0.56664,0.58169,0.55976,0.45403,0.64967
DeaconTraveler,0.56992,0.58412,0.56696,0.44911,0.65419
Deanna12,0.57044,0.58532,0.56589,0.44751,0.65699
DebRichM,0.56683,0.5884,0.55713,0.45867,0.6434
Debmor,0.5565,0.56829,0.54507,0.46939,0.63808
DeboraPN,0.56879,0.57945,0.56259,0.44676,0.66967
Deborah0008,0.5676,0.59128,0.55982,0.4591,0.64407
Debs_86,0.56327,0.58684,0.55031,0.46793,0.63177
Deckwalker,0.57184,0.58959,0.57255,0.44829,0.65423
Dee-ward,0.56546,0.58331,0.55698,0.45762,0.6452
Deedotdee,0.56571,0.58397,0.55821,0.46078,0.64584
Def90,0.56916,0.58529,0.56346,0.45308,0.65409
DeiseBlue,0.56319,0.57959,0.55375,0.46501,0.64345
DeliKIZ,0.5671,0.58464,0.56177,0.45568,0.64539
DelightsInTraveling,0.5668,0.58255,0.56056,0.45347,0.64898
DeltaAT,0.57037,0.59339,0.56877,0.45611,0.64469
Dem6806,0.57464,0.59625,0.57787,0.44485,0.65434
Demoleo,0.5667,0.58167,0.56496,0.45457,0.65798
Denby,0.55909,0.57367,0.54513,0.47057,0.64069
Dencroft,0.56425,0.58428,0.55496,0.4619,0.63895
DennisvdMolen,0.56374,0.58468,0.55129,0.46708,0.63788
DenverWing,0.56711,0.58342,0.55921,0.45826,0.64308
Deny_6,0.56798,0.58098,0.56624,0.45337,0.65252
Derman23,0.56117,0.57692,0.5548,0.46079,0.6379
Des_Gruntled,0.56507,0.58507,0.55572,0.46287,0.63567
Desert-dweller_99,0.56825,0.58958,0.55929,0.45803,0.64645
Desk-Escape-com,0.56583,0.58362,0.56013,0.45755,0.64256
Destichado,0.5638,0.57432,0.55406,0.45843,0.65838
DetSam,0.56935,0.5894,0.56319,0.45562,0.6495
DetroitSunlover,0.56852,0.58757,0.55889,0.45565,0.65071
DevonSophie25,0.56696,0.58903,0.55573,0.46023,0.64663
Devon_girls,0.56423,0.58504,0.55617,0.46106,0.63228
Devsarkar,0.56448,0.57891,0.55618,0.45897,0.64475
Dharmaboy17,0.56956,0.58369,0.56341,0.44883,0.6569
Diamondtail,0.56656,0.58261,0.55778,0.45712,0.65343
DianeChayer,0.56757,0.58663,0.55965,0.45699,0.64644
DiggerDeals,0.56632,0.58246,0.55917,0.45888,0.64041
Dimitris_Athens_8,0.56797,0.58909,0.55958,0.45784,0.6447
DinerFan57,0.56427,0.5845,0.55372,0.46673,0.6342
DinoN11,0.56988,0.58352,0.56515,0.44822,0.65887
DirectorJay,0.56571,0.58761,0.55616,0.46259,0.6333
Disney2007,0.56646,0.58332,0.55944,0.46044,0.6442
Distrubbed,0.55956,0.57277,0.54513,0.46894,0.64364
DitaV2,0.56487,0.58188,0.55792,0.46065,0.64601
Djibuddha,0.5685,0.58666,0.56285,0.45373,0.64927
DmitryP4,0.4876,0.50404,0.41367,0.58422,0.46487
DoAsTheLocalsDo,0.55811,0.57624,0.53532,0.47118,0.63407
Dobson-Shaw,0.55815,0.5673,0.54618,0.46649,0.6442
DocHappyTom,0.56703,0.58751,0.55999,0.4593,0.6352
DocSurf,0.56036,0.57839,0.55112,0.47301,0.6301
Doctor99,0.56966,0.58121,0.56622,0.44701,0.65893
DoctorFeelgoodDorset,0.56666,0.5845,0.55969,0.45763,0.64799
Dodson,0.56696,0.58609,0.55766,0.45859,0.64746
Dogfish60min,0.56593,0.57897,0.55754,0.45541,0.65548
Dogger70,0.5706,0.58749,0.56982,0.44965,0.65139
Dohme,0.57079,0.59104,0.56528,0.45207,0.6461
Doloads,0.56675,0.58477,0.56077,0.45687,0.64887
Domenicd2000,0.56254,0.57963,0.55147,0.46603,0.64133
Don5617,0.56602,0.58007,0.56021,0.45618,0.6523
Donkey37,0.56416,0.58946,0.56165,0.46509,0.62756
Donstep,0.5673,0.58271,0.56067,0.4515,0.65168
DontCareAboutName,0.56385,0.5815,0.55376,0.46296,0.64304
Doobie95,0.57376,0.59112,0.57388,0.44889,0.65843
Dopanijoso,0.56565,0.58546,0.5539,0.46242,0.64455
Doratheexplorer41,0.57431,0.59404,0.57395,0.44813,0.66
Dorfer,0.56719,0.58763,0.55624,0.45946,0.64632
DorsetTravelmad,0.56675,0.58077,0.5601,0.45557,0.65083
DougStevens,0.56925,0.58579,0.56332,0.45058,0.64973
Dougdog,0.56491,0.58117,0.55526,0.45826,0.64802
Dougiebear,0.5637,0.58194,0.55201,0.46239,0.64043
Dr._Bob_4,0.56566,0.58277,0.55454,0.4596,0.64699
Dr3z,0.56694,0.58409,0.55777,0.4576,0.6497
DrAndyC,0.56885,0.58615,0.56299,0.45392,0.65283
DrNostromo,0.56196,0.57585,0.55121,0.46196,0.64564
DrRingDing,0.56505,0.57726,0.55695,0.45658,0.65698
DrVikas,0.56705,0.58177,0.55927,0.45319,0.64995
DrWolf,0.56573,0.57885,0.55932,0.45618,0.65012
Dr_Muneera,0.56635,0.58324,0.55766,0.45806,0.64935
Dr_QBatonRouge,0.56755,0.58598,0.55983,0.4556,0.64829
DragonMelbourne,0.56664,0.58084,0.55981,0.45536,0.6522
Dramatics,0.56769,0.58405,0.5629,0.45424,0.64939
Dreaming,0.56798,0.58627,0.56012,0.45608,0.64597
Dreamtime18,0.56731,0.58613,0.55778,0.45823,0.64676
Dreemz05,0.56769,0.58783,0.55747,0.45809,0.64558
DriveRideOrFly,0.56861,0.58049,0.56536,0.44875,0.6621
Droplet5,0.56826,0.58869,0.56281,0.45491,0.64387
Drysdale,0.56826,0.58471,0.56134,0.45657,0.64576
Dsbrown93446,0.56985,0.58773,0.56442,0.45454,0.65203
Dtona,0.56725,0.58332,0.56276,0.4549,0.6488
Du13,0.56329,0.57954,0.55239,0.46181,0.64702
DuRiechstSoGut,0.56463,0.5835,0.55515,0.46089,0.64601
DublinHank,0.56762,0.5819,0.56562,0.45362,0.65866
DublinMaire,0.56946,0.58783,0.56392,0.45121,0.64887
Dubliner24,0.56715,0.58827,0.55973,0.45645,0.6427
Duece1623,0.56439,0.5761,0.5575,0.45646,0.65259
Duggars,0.56951,0.58425,0.56665,0.45436,0.63778
DundeeDaytripper,0.56571,0.58104,0.55693,0.45605,0.64929
Dunn45,0.5685,0.58575,0.56781,0.45676,0.64073
Durham2urist,0.563,0.58235,0.55032,0.46357,0.64013
Dusan_Laura,0.56554,0.58641,0.55823,0.46224,0.63823
DutchFlower,0.56802,0.58837,0.56303,0.4575,0.64749
Dvine1_Cali,0.56615,0.5844,0.55714,0.45929,0.64698
Dynamite2010,0.56714,0.58862,0.56031,0.46091,0.64766
Dzinkstet,0.51595,0.53185,0.47027,0.53516,0.52697
EAM01,0.56609,0.5837,0.5567,0.45892,0.64368
EBNY_15,0.56577,0.58498,0.55681,0.46026,0.64069
ECB2010,0.5664,0.58042,0.56,0.45504,0.64973
EC_Traveller,0.56821,0.5872,0.56141,0.45637,0.64689
EEYORETIGGERR,0.5605,0.57351,0.54698,0.46552,0.64652
EFLMontreal,0.56544,0.57916,0.55808,0.45679,0.64386
EGANSMIND,0.56068,0.57993,0.54829,0.47179,0.62752
EMA2010,0.56784,0.58989,0.56213,0.45766,0.64075
EMTBStation53,0.56698,0.5853,0.55898,0.45794,0.64644
ERT786,0.55665,0.56609,0.54386,0.47212,0.64439
ESLteacherNewYork,0.5677,0.58125,0.56008,0.45134,0.65471
EUTrav,0.56747,0.58631,0.5588,0.45837,0.64799
Eagle7345,0.56753,0.58115,0.5598,0.45297,0.65364
EalingExpat,0.56474,0.57795,0.55675,0.45519,0.6494
Earl_of_Doncaster,0.55964,0.57471,0.54606,0.47106,0.64066
Earlham99,0.56934,0.58583,0.56374,0.45195,0.65037
EarlysvilleTraveller,0.56956,0.58877,0.56193,0.4541,0.6475
EarnyinLA,0.56758,0.58728,0.5581,0.45922,0.64247
Earsby,0.56295,0.58045,0.55716,0.46461,0.63366
Earthbound-Traveler,0.56762,0.58936,0.55971,0.45933,0.63937
EastCoastRoadWarrior,0.56974,0.58761,0.56481,0.45259,0.64666
Eat-A-Lot,0.56789,0.5903,0.55835,0.46004,0.64257
Ecube,0.57031,0.58983,0.56415,0.4527,0.65107
Ed_Grabow,0.56466,0.5804,0.55814,0.461,0.64181
Eddie_tangjitsatukij,0.56112,0.58513,0.54929,0.47044,0.62698
Edel24,0.56637,0.58614,0.55762,0.45885,0.63953
EdenbridgeGinger,0.56066,0.57532,0.54663,0.46655,0.63829
Edinburgh3,0.56619,0.58352,0.55605,0.45775,0.64874
Edith2000,0.56508,0.58183,0.55611,0.45997,0.64553
Edstr,0.56473,0.58214,0.55677,0.46204,0.644
Ek_NZ,0.56699,0.58229,0.55923,0.45519,0.64788
Eklondon,0.56357,0.57798,0.55373,0.46062,0.64749
ElGuapo49,0.5689,0.58821,0.56004,0.45663,0.6497
ElTiante23,0.56919,0.58597,0.56614,0.45057,0.65219
ElaineF57,0.56921,0.58566,0.56194,0.45193,0.6543
ElaineRadin,0.57358,0.5903,0.57218,0.44643,0.65651
Eldik,0.56328,0.58582,0.55186,0.46858,0.63163
Electricwireless,0.56625,0.58761,0.55331,0.4613,0.64085
ElevenThirty,0.56865,0.58864,0.56176,0.45472,0.64748
ElhamValleyMan,0.56531,0.58229,0.55517,0.46042,0.64373
ElisaDP,0.57002,0.58855,0.56813,0.45532,0.64666
ElizabethBL,0.56963,0.58683,0.56219,0.45289,0.66112
ElizabethChester,0.56784,0.58789,0.55864,0.45753,0.64865
ElizabethDawn,0.56953,0.59134,0.56198,0.4549,0.63984
Ell1etravels,0.56899,0.58843,0.56239,0.45548,0.65106
Ella_Parker,0.56094,0.57817,0.54855,0.468,0.63701
ElleSheri,0.56703,0.58617,0.56098,0.45977,0.64047
Ellen22,0.5647,0.5805,0.55472,0.4599,0.64318
EllicottCity_MDMoose,0.56855,0.58326,0.56384,0.45279,0.65018
Elman1952,0.56965,0.59064,0.56419,0.45701,0.64985
Elyriatraveler,0.56912,0.58205,0.56338,0.44881,0.66204
Em52mar,0.56408,0.58725,0.55105,0.46628,0.6357
Emad_Ladonni,0.56486,0.58182,0.55637,0.4619,0.64421
EmilyDublin,0.56299,0.5816,0.5485,0.46495,0.64043
EmilyWaugh,0.56709,0.58585,0.55715,0.45803,0.6496
Emiwillseetheworld11,0.56589,0.58451,0.55895,0.46098,0.64181
Emma654321,0.5633,0.58269,0.55257,0.46479,0.64056
Emma8630,0.56283,0.57623,0.55023,0.45887,0.64786
EmmaBelgium,0.56789,0.58565,0.56521,0.45449,0.65119
Empathology,0.56626,0.5819,0.55948,0.4544,0.6496
EmptyNestersCT,0.56855,0.58547,0.56165,0.45458,0.6528
Emzaro,0.56886,0.59197,0.56242,0.45904,0.63816
EnDumEn,0.56767,0.58621,0.55628,0.45729,0.64828
Endlesslyrestless,0.57209,0.59191,0.56862,0.44908,0.65054
Engangskamerat,0.56915,0.58149,0.56671,0.44751,0.6588
England1983,0.56641,0.58948,0.55562,0.46113,0.63344
EnglandJa,0.56492,0.58437,0.55635,0.46208,0.63392
EnglishKnight2010,0.5628,0.57955,0.55078,0.46437,0.64367
EnjoythejourneySA,0.56031,0.57522,0.54818,0.46866,0.64788
Ennea,0.56976,0.587,0.56653,0.45131,0.64723
Entente-cordiale,0.56325,0.58291,0.55217,0.4649,0.64397
EquineDoc,0.56649,0.58715,0.55983,0.46081,0.63489
Equity,0.56911,0.58972,0.56062,0.45518,0.64777
EricNYC10023,0.56794,0.58571,0.56099,0.45465,0.65119
Erich75,0.56745,0.58379,0.55864,0.45649,0.65086
Erinluvsire,0.56568,0.58584,0.55867,0.46133,0.63814
ErnestoH,0.56959,0.58392,0.56328,0.44978,0.65644
ErstazMatt,0.56685,0.58612,0.5601,0.45757,0.647
Ervaan,0.56623,0.58634,0.55517,0.4606,0.64428
Escape23,0.56354,0.58539,0.55236,0.46775,0.63299
Escapefromthedesert,0.56789,0.589,0.56066,0.4587,0.64106
Esqbyday,0.56767,0.5852,0.56442,0.45439,0.6483
EssexBarnes,0.56264,0.58186,0.55506,0.46508,0.63725
Essexfamilyontour,0.5628,0.57855,0.55383,0.46014,0.64496
Esskaywe,0.56771,0.58332,0.55977,0.45185,0.65732
Esthersnippe,0.56292,0.57998,0.55255,0.46367,0.64209
Estrella1302,0.56782,0.58412,0.56155,0.4536,0.65113
Etien,0.57328,0.59143,0.57147,0.44581,0.65357
Eugene3739,0.56939,0.59038,0.56577,0.45462,0.65648
Eurail,0.56715,0.58784,0.55849,0.46125,0.64254
Europamonkey,0.57042,0.5895,0.56252,0.45213,0.65579
EuropeanPete,0.56386,0.57692,0.55505,0.45909,0.64728
EuropeaninAsia,0.56875,0.58389,0.56726,0.45206,0.6509
Evangelista,0.56909,0.58703,0.56132,0.4522,0.64993
Evanston_Jeff,0.56489,0.58084,0.55578,0.45951,0.64497
Eve159,0.56403,0.58017,0.55621,0.45971,0.64549
Eve18,0.56497,0.5836,0.55571,0.4619,0.64297
Everlong08,0.56681,0.58824,0.56019,0.45888,0.63847
EveyBl,0.56765,0.58586,0.5584,0.45706,0.65108
Evgenia_87,0.56384,0.57686,0.5577,0.45711,0.65509
EvoProudSalopian,0.56658,0.58714,0.55776,0.46042,0.64572
ExPatinNica,0.56648,0.58255,0.55978,0.45754,0.644
Explorer1012,0.57143,0.59013,0.57057,0.45002,0.65604
ExplorerX9,0.56804,0.58621,0.56185,0.45523,0.65143
F14Captain,0.56829,0.58822,0.56323,0.45724,0.63746
FBIAgent,0.56481,0.58637,0.55785,0.46428,0.63912
FDanvers,0.56724,0.58515,0.55676,0.45589,0.65024
FENTON64,0.56876,0.5864,0.56165,0.45358,0.64724
FEN_10,0.56589,0.58295,0.55714,0.4569,0.64877
FES,0.56843,0.58504,0.5627,0.45392,0.64746
FLLtourist,0.57012,0.58707,0.5672,0.45088,0.65621
FNguyen,0.56703,0.58519,0.55692,0.45964,0.64756
FOSTERSAdelaide,0.56637,0.58527,0.55971,0.45951,0.64224
FRANKGERMANYADEL,0.56153,0.5815,0.55249,0.46906,0.63149
FSHK,0.56627,0.58285,0.55726,0.45753,0.64925
FWG_11,0.56517,0.57537,0.55834,0.45436,0.65427
FY1,0.56605,0.57863,0.55882,0.4527,0.65249
Fa-HEE-tahs,0.56885,0.58486,0.56033,0.45276,0.6506
FabioEKarin,0.56767,0.58915,0.56314,0.46012,0.6404
FabulousMom,0.5675,0.58235,0.55925,0.45313,0.65291
FabulousTravels,0.56941,0.58754,0.56441,0.45278,0.65016
FairTaxBill,0.57094,0.58673,0.56527,0.4476,0.65662
FairfaxVaTraveller,0.56873,0.5855,0.56562,0.44912,0.653
FairmindedTraveler,0.56782,0.58794,0.55741,0.4571,0.64743
Faithie4,0.56675,0.58366,0.56015,0.4565,0.64841
Family1192,0.56777,0.58489,0.56183,0.45699,0.64648
FamilyFlight,0.56689,0.58297,0.55921,0.45642,0.64775
FamilyTravelJunkkie,0.56736,0.58232,0.56262,0.45695,0.64267
Familyman54,0.56892,0.58493,0.56338,0.45219,0.65175
Familyof4Scotland,0.55994,0.57607,0.54569,0.46772,0.63591
Familytour4,0.56853,0.58691,0.56019,0.4557,0.65039
FanMan10,0.57073,0.58714,0.56977,0.44896,0.65575
Farnborough,0.56293,0.58214,0.54981,0.46579,0.63634
